[
  {
    "fileName": "2018/6.jpg",
    "title": "九牧:韩雪 @你来参加深蹲挑战",
    "link": "http://common.mn.sina.com.cn/activity/jsonp/518/index",
    "Label": "重力感应,视频",
    "dateline":"234324242"
  },
  {
    "fileName": "2018/2.jpg",
    "title": "安踏:爱不止步，点亮未来",
    "link": "http://n.sinaimg.cn/fj/anta/index.html",
    "Label": "重力感应,视频",
    "year":"2018"
  },
  {
    "fileName": "2018/1.jpg",
    "title": "建发:建发绿跑在行动 10元装走阿拉善",
    "link": "http://it.mn.sina.com/project/2018als/index.html",
    "Label": "重力感应,视频,建发,撒漏,种树,图片合成,重力感应,视频,建发,撒漏,种树,图片合成",
    "year":"2018"
  },
  {
    "fileName": "2018/5.jpg",
    "title": "厦门卫计委:你有控吗？",
    "link": "http://n.sinaimg.cn/fj/smoking/test.html",
    "Label": "图片合成,戒烟",
    "year":"2018"
  },
  {
    "fileName": "2018/4.jpg",
    "title": "建发:守卫蓝色星球 绿跑在行动",
    "link": "http://common.mn.sina.com.cn/activity/jsonp/516/index",
    "Label": "投票,视频,种树,",
    "year":"2018"
  },
  {
    "fileName": "2018/8.jpg",
    "title": "厦门市委政法委：“五安”工程",
    "link": "http://n.sinaimg.cn/fj/creatsafexm/index.html",
    "Label": "音频,厦门市委政法委,“五安”工程",
    "year":"2018"
  },
  {
    "fileName": "2018/3.jpg",
    "title": "政府：2018厦门工业博览会",
    "link": "http://common.mn.sina.com.cn/activity/jsonp/520/index",
    "Label": "助力,工博会",
    "year":"2018"
  },
  {
    "fileName": "2018/7.jpg",
    "title": "龙湖:龙湖",
    "link": "http://common.mn.sina.com.cn/activity/jsonp/521/index2",
    "Label": "龙湖,房产,报名",
    "year":"2018"
  },
  {
    "fileName": "2018/7.jpg",
    "title": "高考:龙湖",
    "link": "http://common.mn.sina.com.cn/activity/jsonp/521/index2",
    "Label": "龙湖,房产,报名",
    "year":"2018"
  }

]
